{"direction_binary_accuracy": [0.6388562321662903, 0.6389328837394714, 0.6389967799186707, 0.638971209526062, 0.6388179063796997, 0.6390095353126526, 0.6386390328407288, 0.6387540102005005, 0.6387668251991272, 0.6390095353126526, 0.6398400664329529, 0.640018880367279, 0.6404277682304382, 0.6411688327789307, 0.6413093209266663, 0.6412582397460938, 0.6424081325531006, 0.6435707807540894, 0.6447845697402954, 0.644822895526886, 0.6465988755226135, 0.6467010974884033, 0.648655891418457, 0.6498441100120544, 0.6506490707397461, 0.6519011855125427], "direction_loss": [0.8386146426200867, 0.8371460437774658, 0.8361360430717468, 0.8353743553161621, 0.834865391254425, 0.8348872661590576, 0.8338011503219604, 0.8337215781211853, 0.8333870768547058, 0.8321045637130737, 0.8307456970214844, 0.8305429220199585, 0.8295177817344666, 0.8286108374595642, 0.8274608850479126, 0.8267401456832886, 0.8240706324577332, 0.8228117227554321, 0.8203065991401672, 0.8196010589599609, 0.8176960945129395, 0.8168239593505859, 0.8120344877243042, 0.8102312088012695, 0.8093572854995728, 0.805984616279602], "loss": [0.4198976755142212, 0.4189828932285309, 0.41846764087677, 0.41807448863983154, 0.41781720519065857, 0.4178241193294525, 0.41728946566581726, 0.4172475337982178, 0.4170818328857422, 0.41644272208213806, 0.4157613515853882, 0.41565969586372375, 0.4151468575000763, 0.41469845175743103, 0.4141187369823456, 0.4137636125087738, 0.412410706281662, 0.41178369522094727, 0.4105352461338043, 0.410175085067749, 0.409231573343277, 0.40879520773887634, 0.40639278292655945, 0.40549084544181824, 0.4050545394420624, 0.4033605754375458], "price_loss": [0.0005911414045840502, 0.000411776767577976, 0.00039986628689803183, 0.0003878410207107663, 0.00038320221938192844, 0.00038740428863093257, 0.00038238527486100793, 0.0003834151430055499, 0.00038434311863966286, 0.0003862130979541689, 0.00039114116225391626, 0.0003880510339513421, 0.000389596214517951, 0.000392842834116891, 0.00039297674084082246, 0.00039232743438333273, 0.00037849837099201977, 0.0003800704434979707, 0.00038013752782717347, 0.00037953563150949776, 0.00038249019416980445, 0.0003818925761152059, 0.0003743336128536612, 0.00037495995638892055, 0.00037476763827726245, 0.00037192157469689846], "price_mae": [0.017185650765895844, 0.014162135310471058, 0.0138785345479846, 0.013545826077461243, 0.013401324860751629, 0.013501748442649841, 0.013392308726906776, 0.013414360582828522, 0.013443839736282825, 0.013460876420140266, 0.013508939184248447, 0.013507482595741749, 0.013538574799895287, 0.013547474518418312, 0.01358827669173479, 0.013542319647967815, 0.013352935202419758, 0.01337417121976614, 0.013361151330173016, 0.013387222774326801, 0.013425556942820549, 0.013429665006697178, 0.013323284685611725, 0.013312018476426601, 0.013296687044203281, 0.013246885500848293], "val_direction_binary_accuracy": [0.6388027667999268, 0.6388027667999268, 0.6388027667999268, 0.6388027667999268, 0.6388027667999268, 0.6388027667999268, 0.6388027667999268, 0.6388027667999268, 0.6388027667999268, 0.6393393874168396, 0.6405318379402161, 0.6385046243667603, 0.6401144862174988, 0.6397567391395569, 0.6398760080337524, 0.6397567391395569, 0.6412473320960999, 0.6395778656005859, 0.6396374702453613, 0.6415454149246216, 0.6419627666473389, 0.6402336955070496, 0.639220118522644, 0.639398992061615, 0.6396374702453613, 0.6410684585571289], "val_direction_loss": [0.8402604460716248, 0.8434997797012329, 0.8391798138618469, 0.8390902280807495, 0.8403962850570679, 0.8383947610855103, 0.8393810987472534, 0.8375147581100464, 0.8372724652290344, 0.837907612323761, 0.8363836407661438, 0.8360969424247742, 0.8345258235931396, 0.8370952010154724, 0.8359718918800354, 0.8355579972267151, 0.8350557088851929, 0.8374632000923157, 0.834219217300415, 0.836030125617981, 0.8359065055847168, 0.8357963562011719, 0.8356792330741882, 0.8379426002502441, 0.8373813629150391, 0.8381751179695129], "val_loss": [0.4197465777397156, 0.4212164282798767, 0.4191367030143738, 0.4190834164619446, 0.4196949005126953, 0.4188454747200012, 0.4192291796207428, 0.4183945655822754, 0.4182785153388977, 0.41848623752593994, 0.41776466369628906, 0.41768044233322144, 0.4169290065765381, 0.41806939244270325, 0.41756394505500793, 0.4174521565437317, 0.41719722747802734, 0.4183502495288849, 0.416813462972641, 0.4176754057407379, 0.4175281226634979, 0.41755911707878113, 0.41758599877357483, 0.4186631441116333, 0.41840118169784546, 0.4187451899051666], "val_price_loss": [0.0003680077497847378, 0.0003781027626246214, 0.00036442565033212304, 0.0003618636983446777, 0.00036762419040314853, 0.0003622033109422773, 0.00036291222204454243, 0.0003629443235695362, 0.0003703304973896593, 0.000369790883269161, 0.00037313011125661433, 0.00037448518560267985, 0.0003638462512753904, 0.000361457874532789, 0.0003667746495921165, 0.0003704397240653634, 0.0003585401573218405, 0.0003620171337388456, 0.00035829050466418266, 0.0003631815779954195, 0.00036401391844265163, 0.0003595215966925025, 0.00036117451963946223, 0.00035957939689978957, 0.0003757792874239385, 0.0003604954690672457], "val_price_mae": [0.013184180483222008, 0.013561004772782326, 0.013136576861143112, 0.013037553988397121, 0.01326520275324583, 0.013019558042287827, 0.013036593794822693, 0.013098961673676968, 0.01319166924804449, 0.013377019204199314, 0.013115149922668934, 0.013374919071793556, 0.01305973157286644, 0.013019665144383907, 0.013104011304676533, 0.01319007109850645, 0.013000073842704296, 0.013074981048703194, 0.012996247969567776, 0.013047750107944012, 0.013096374459564686, 0.013002350926399231, 0.013128019869327545, 0.013054636307060719, 0.013423065654933453, 0.01310176495462656], "learning_rate": [0.0010000000474974513, 0.0010000000474974513, 0.0010000000474974513, 0.0010000000474974513, 0.0010000000474974513, 0.0010000000474974513, 0.0010000000474974513, 0.0010000000474974513, 0.0010000000474974513, 0.0010000000474974513, 0.0010000000474974513, 0.0010000000474974513, 0.0010000000474974513, 0.0010000000474974513, 0.0010000000474974513, 0.0010000000474974513, 0.0005000000237487257, 0.0005000000237487257, 0.0005000000237487257, 0.0005000000237487257, 0.0005000000237487257, 0.0005000000237487257, 0.0002500000118743628, 0.0002500000118743628, 0.0002500000118743628, 0.0001250000059371814]}