{"direction_binary_accuracy": [0.6160416603088379, 0.6166316270828247, 0.6165033578872681, 0.6162211894989014, 0.6157082319259644, 0.6171189546585083, 0.6166316270828247, 0.617401123046875, 0.6179397702217102, 0.6169137358665466, 0.6174267530441284, 0.6194787621498108, 0.6201456785202026, 0.6197096109390259, 0.6210178136825562], "direction_loss": [0.6656336784362793, 0.6640564203262329, 0.6633177399635315, 0.6626691818237305, 0.6618533730506897, 0.6606689691543579, 0.6604282855987549, 0.6593385934829712, 0.6587672233581543, 0.6584746241569519, 0.6576949954032898, 0.6553839445114136, 0.6546067595481873, 0.6541038751602173, 0.6521202325820923], "loss": [0.33339738845825195, 0.3323603570461273, 0.3319755792617798, 0.3316614627838135, 0.3312273919582367, 0.33065831661224365, 0.33052918314933777, 0.33001625537872314, 0.32969751954078674, 0.3295452892780304, 0.3291313052177429, 0.3280181884765625, 0.32762086391448975, 0.32739806175231934, 0.3263489603996277], "price_loss": [0.0005965909804217517, 0.00035436515463516116, 0.0003202335210517049, 0.0003283531405031681, 0.00031975857564248145, 0.00031863077310845256, 0.0003189161070622504, 0.0003185812383890152, 0.0003180181374773383, 0.00031939742621034384, 0.00031913266866467893, 0.0003158386389259249, 0.00031509119435213506, 0.0003155699232593179, 0.00031387992203235626], "price_mae": [0.01732538640499115, 0.01326802745461464, 0.012400107458233833, 0.012616797350347042, 0.01238916628062725, 0.012363447807729244, 0.012368801049888134, 0.012364113703370094, 0.012341879308223724, 0.012413659133017063, 0.0123994629830122, 0.01228133775293827, 0.012264324352145195, 0.012283505871891975, 0.01222140807658434], "val_direction_binary_accuracy": [0.6118027567863464, 0.6122815608978271, 0.6076131463050842, 0.6122815608978271, 0.6122815608978271, 0.6039023399353027, 0.6122815608978271, 0.6119224429130554, 0.6122815608978271, 0.6023461818695068, 0.611323893070221, 0.6052190661430359, 0.611084520816803, 0.6028249859809875, 0.603782594203949], "val_direction_loss": [0.669664740562439, 0.6699322462081909, 0.6681074500083923, 0.6658806800842285, 0.6656408309936523, 0.6678005456924438, 0.6672886610031128, 0.6649816632270813, 0.6657604575157166, 0.6667615175247192, 0.6657216548919678, 0.6652278304100037, 0.6660125851631165, 0.6701732277870178, 0.6669612526893616], "val_loss": [0.33496156334877014, 0.33464884757995605, 0.33419570326805115, 0.332967072725296, 0.33281803131103516, 0.33388012647628784, 0.33347997069358826, 0.33241158723831177, 0.33287498354911804, 0.3334231972694397, 0.3329141438007355, 0.332562118768692, 0.33283889293670654, 0.3348241448402405, 0.33338430523872375], "val_price_loss": [0.0002674309362191707, 0.0002694137510843575, 0.00026494331541471183, 0.00026369054103270173, 0.00026627577608451247, 0.00027645332738757133, 0.0002724664518609643, 0.000265731243416667, 0.00026215706020593643, 0.00026276003336533904, 0.00026514363707974553, 0.00026189308846369386, 0.00026389866252429783, 0.0002654366544447839, 0.000262345711234957], "val_price_mae": [0.011734274215996265, 0.011829297058284283, 0.01167980208992958, 0.011587018147110939, 0.011735642328858376, 0.012117183767259121, 0.01199339795857668, 0.011728305369615555, 0.011533604003489017, 0.011562657542526722, 0.011714309453964233, 0.011586268432438374, 0.01158506516367197, 0.011662815697491169, 0.011572571471333504], "learning_rate": [0.0010000000474974513, 0.0010000000474974513, 0.0010000000474974513, 0.0010000000474974513, 0.0010000000474974513, 0.0010000000474974513, 0.0010000000474974513, 0.0010000000474974513, 0.0010000000474974513, 0.0010000000474974513, 0.0010000000474974513, 0.0005000000237487257, 0.0005000000237487257, 0.0005000000237487257, 0.0002500000118743628]}