{"direction_binary_accuracy": [0.6389456987380981, 0.6389967799186707, 0.6390095353126526, 0.6389584541320801, 0.6389967799186707, 0.6389967799186707, 0.6389840245246887, 0.6389840245246887, 0.6389840245246887, 0.6390478610992432, 0.6387668251991272, 0.6388818025588989, 0.6389073729515076, 0.6385879516601562, 0.6386262774467468, 0.639137327671051, 0.6383962631225586, 0.6395078301429749, 0.6390990018844604, 0.6396483778953552, 0.6399677991867065, 0.6401083469390869, 0.639929473400116, 0.640529990196228, 0.6407727003097534, 0.6406322121620178, 0.6406832933425903, 0.641322135925293], "direction_loss": [0.8388563990592957, 0.8371907472610474, 0.8369396924972534, 0.8368602395057678, 0.8365497589111328, 0.8366022109985352, 0.8365613222122192, 0.836323618888855, 0.8361137509346008, 0.8352484703063965, 0.8352605104446411, 0.8352862000465393, 0.835253119468689, 0.8347192406654358, 0.8346198201179504, 0.8339477181434631, 0.8338689208030701, 0.833513081073761, 0.8332168459892273, 0.8331485986709595, 0.8329671621322632, 0.8320063352584839, 0.8319156169891357, 0.8316642045974731, 0.8311699628829956, 0.8314166069030762, 0.8311694860458374, 0.8307794332504272], "loss": [0.4199587106704712, 0.41898423433303833, 0.4188595712184906, 0.41883140802383423, 0.41866371035575867, 0.41868358850479126, 0.418662965297699, 0.41854700446128845, 0.418442964553833, 0.4180043041706085, 0.41801556944847107, 0.41802313923835754, 0.41801178455352783, 0.417738676071167, 0.4176899194717407, 0.4173530638217926, 0.41731205582618713, 0.41713622212409973, 0.41699057817459106, 0.4169556498527527, 0.41686514019966125, 0.41637852787971497, 0.41633349657058716, 0.4162123501300812, 0.4159596860408783, 0.41608598828315735, 0.4159639775753021, 0.4157685935497284], "price_loss": [0.0005280264304019511, 0.0003910216037184, 0.0003878229472320527, 0.00040514234569855034, 0.00038465551915578544, 0.00038101093377918005, 0.00038145866710692644, 0.00038195447996258736, 0.00038063773536123335, 0.00038089946610853076, 0.00038012186996638775, 0.00037996750324964523, 0.0003839754208456725, 0.0003801437560468912, 0.0003798034449573606, 0.00037802691804245114, 0.0003782279381994158, 0.0003780352126341313, 0.0003779527614824474, 0.0003785973531194031, 0.00037847680505365133, 0.0003771805204451084, 0.0003788881585933268, 0.00037710368633270264, 0.000376553856767714, 0.00037655720370821655, 0.0003764931170735508, 0.0003763342974707484], "price_mae": [0.016041431576013565, 0.013624045066535473, 0.01351566519588232, 0.013533336110413074, 0.013439121656119823, 0.013354315422475338, 0.01336933858692646, 0.01338449027389288, 0.013342106714844704, 0.013338160701096058, 0.013322657905519009, 0.013327101245522499, 0.013350206427276134, 0.013329357840120792, 0.013325301930308342, 0.013270542025566101, 0.013268500566482544, 0.01326292846351862, 0.013269681483507156, 0.013276933692395687, 0.013274251483380795, 0.013229796662926674, 0.013249348849058151, 0.013241128996014595, 0.013224676251411438, 0.01322332862764597, 0.013223369605839252, 0.013211208395659924], "val_direction_binary_accuracy": [0.6388027667999268, 0.6388027667999268, 0.6388027667999268, 0.6388027667999268, 0.6388027667999268, 0.6388027667999268, 0.6388027667999268, 0.6388027667999268, 0.6388027667999268, 0.6388027667999268, 0.6388027667999268, 0.6388027667999268, 0.6388027667999268, 0.6388027667999268, 0.6388027667999268, 0.6390412449836731, 0.6390412449836731, 0.6389220356941223, 0.6382661461830139, 0.6395778656005859, 0.6386834979057312, 0.6343310475349426, 0.6385642886161804, 0.6397567391395569, 0.6385642886161804, 0.6387431621551514, 0.6386238932609558, 0.6394585967063904], "val_direction_loss": [0.8408633470535278, 0.8403538465499878, 0.8399769067764282, 0.8400843739509583, 0.8395928144454956, 0.839499294757843, 0.8388662934303284, 0.83857661485672, 0.8383077383041382, 0.838370680809021, 0.8386346101760864, 0.8382145762443542, 0.8383545875549316, 0.838458776473999, 0.8388603925704956, 0.8380202651023865, 0.8377918601036072, 0.8374696969985962, 0.8379209041595459, 0.8376715779304504, 0.8373247981071472, 0.8385043740272522, 0.8375227451324463, 0.8378840088844299, 0.8375550508499146, 0.8375760316848755, 0.837530255317688, 0.8375793099403381], "val_loss": [0.42007139325141907, 0.419978529214859, 0.41960272192955017, 0.4197191596031189, 0.4194866716861725, 0.4194028973579407, 0.41914963722229004, 0.4189111292362213, 0.41879406571388245, 0.41875892877578735, 0.41901636123657227, 0.4186883270740509, 0.4187142550945282, 0.4188670814037323, 0.41892603039741516, 0.41855716705322266, 0.41843774914741516, 0.418328195810318, 0.41851282119750977, 0.4184363782405853, 0.41825881600379944, 0.4188195765018463, 0.41832271218299866, 0.4184841215610504, 0.41833165287971497, 0.4183609187602997, 0.4183562099933624, 0.418384850025177], "val_price_loss": [0.00036491997889243066, 0.0003654027241282165, 0.0003655413747765124, 0.0003603250370360911, 0.00036092547816224396, 0.0003625712706707418, 0.0003611610736697912, 0.00036089422064833343, 0.0003609058912843466, 0.00036083091981709003, 0.0003805019077844918, 0.0003614060115069151, 0.0003638189227785915, 0.0003633318701758981, 0.0003627510741353035, 0.00036094157258048654, 0.0003609862469602376, 0.00036032957723364234, 0.00036065845051780343, 0.00036079040728509426, 0.00036309537244960666, 0.0003607026592362672, 0.00036055766395293176, 0.0003605749807320535, 0.00035996470251120627, 0.00036233433638699353, 0.0003603284421842545, 0.0003603885415941477], "val_price_mae": [0.013179915957152843, 0.01316485833376646, 0.013186867348849773, 0.012976990081369877, 0.012975938618183136, 0.013071084395051003, 0.012977047823369503, 0.013008467853069305, 0.012998870573937893, 0.013010555878281593, 0.013645315542817116, 0.012992278672754765, 0.013031155802309513, 0.01303090713918209, 0.013010860420763493, 0.012982351705431938, 0.01300757471472025, 0.012979520484805107, 0.012986728921532631, 0.013013196177780628, 0.01309347152709961, 0.01300336979329586, 0.012975974939763546, 0.013009686022996902, 0.012973728589713573, 0.013088056817650795, 0.012994966469705105, 0.012994546443223953], "learning_rate": [0.0010000000474974513, 0.0010000000474974513, 0.0010000000474974513, 0.0010000000474974513, 0.0010000000474974513, 0.0010000000474974513, 0.0010000000474974513, 0.0010000000474974513, 0.0010000000474974513, 0.0010000000474974513, 0.0010000000474974513, 0.0010000000474974513, 0.0010000000474974513, 0.0010000000474974513, 0.0010000000474974513, 0.0005000000237487257, 0.0005000000237487257, 0.0005000000237487257, 0.0005000000237487257, 0.0005000000237487257, 0.0005000000237487257, 0.0002500000118743628, 0.0002500000118743628, 0.0002500000118743628, 0.0001250000059371814, 0.0001250000059371814, 0.0001250000059371814, 6.25000029685907e-05]}