{"direction_binary_accuracy": [0.6166316270828247, 0.616195559501648, 0.6165289878845215, 0.6165546774864197, 0.6165546774864197, 0.6165033578872681, 0.6165546774864197, 0.6171446442604065, 0.6169650554656982, 0.6180936694145203, 0.6188119053840637, 0.6174267530441284, 0.6192736029624939, 0.6202483177185059, 0.620479166507721, 0.6206073760986328, 0.6214538812637329, 0.6222490072250366, 0.6213256120681763, 0.6227107048034668, 0.6219155788421631, 0.6224029064178467], "direction_loss": [0.6658550500869751, 0.6642851829528809, 0.6634491086006165, 0.6630156636238098, 0.6624785661697388, 0.6620951294898987, 0.6617259383201599, 0.6606442332267761, 0.6601293087005615, 0.6598947644233704, 0.6593194603919983, 0.6600606441497803, 0.659324586391449, 0.6582738757133484, 0.6578978300094604, 0.6572698354721069, 0.6568869352340698, 0.6564924120903015, 0.6562276482582092, 0.6554889678955078, 0.6556981801986694, 0.655674397945404], "loss": [0.333423376083374, 0.33248141407966614, 0.33202850818634033, 0.3318713307380676, 0.33158984780311584, 0.33130037784576416, 0.33115655183792114, 0.330648273229599, 0.33038103580474854, 0.3302692770957947, 0.3299765884876251, 0.33027416467666626, 0.33000075817108154, 0.329468309879303, 0.3292667865753174, 0.3289375305175781, 0.32872679829597473, 0.32859379053115845, 0.3284150958061218, 0.32803910970687866, 0.3281747102737427, 0.32810261845588684], "price_loss": [0.0005268122768029571, 0.00034540737397037446, 0.00032832054421305656, 0.0003236543561797589, 0.00032757187727838755, 0.00032390165142714977, 0.00031730873160995543, 0.0003156508319079876, 0.00031480708275921643, 0.0003147632523905486, 0.00031400666921399534, 0.00031638541258871555, 0.0003155418671667576, 0.00031295817461796105, 0.0003129094548057765, 0.0003139233449473977, 0.0003124565409962088, 0.000312766496790573, 0.00031242973636835814, 0.00031163301900960505, 0.00031181241502054036, 0.00031166471308097243], "price_mae": [0.016135362908244133, 0.012906537391245365, 0.01261243224143982, 0.012502853758633137, 0.012493593618273735, 0.01241214107722044, 0.01233629696071148, 0.012286902405321598, 0.012261838652193546, 0.012255439534783363, 0.012250371277332306, 0.012294967658817768, 0.012275339104235172, 0.012204175814986229, 0.012208946980535984, 0.012220926582813263, 0.01218873169273138, 0.012194814160466194, 0.012186143547296524, 0.012170924805104733, 0.012165160849690437, 0.012170089408755302], "val_direction_binary_accuracy": [0.6122815608978271, 0.6122815608978271, 0.6122815608978271, 0.6122815608978271, 0.6122815608978271, 0.6122815608978271, 0.6122815608978271, 0.6119224429130554, 0.6092889904975891, 0.6116830110549927, 0.6084510684013367, 0.6106057167053223, 0.6092889904975891, 0.6086904406547546, 0.611323893070221, 0.5951640009880066, 0.6083313226699829, 0.6085707545280457, 0.6055781841278076, 0.6041417121887207, 0.6050993800163269, 0.60366290807724], "val_direction_loss": [0.6719639897346497, 0.6672090888023376, 0.6677829027175903, 0.6667798161506653, 0.6668424606323242, 0.667870819568634, 0.6667718887329102, 0.6667041778564453, 0.6674685478210449, 0.6663814187049866, 0.6672511696815491, 0.6666130423545837, 0.6662636399269104, 0.6676928997039795, 0.6664727330207825, 0.6704583764076233, 0.6680266261100769, 0.6677579879760742, 0.6684466600418091, 0.6701878309249878, 0.6687093377113342, 0.6700199842453003], "val_loss": [0.3357279300689697, 0.33366909623146057, 0.33377668261528015, 0.33339542150497437, 0.33334630727767944, 0.3338276147842407, 0.333383172750473, 0.333316445350647, 0.3337116837501526, 0.3331456482410431, 0.3334423005580902, 0.3333381116390228, 0.33307406306266785, 0.33368945121765137, 0.3330584168434143, 0.33545464277267456, 0.3339167833328247, 0.33375313878059387, 0.3341694474220276, 0.33505740761756897, 0.3343107998371124, 0.3349442780017853], "val_price_loss": [0.000261977082118392, 0.00028623550315387547, 0.00029348907992243767, 0.0002639012527652085, 0.0002614388649817556, 0.00028403595206327736, 0.00026370518025942147, 0.00026788850664161146, 0.00026535565848462284, 0.00026286562206223607, 0.0002628344518598169, 0.00026192571385763586, 0.0002652155526448041, 0.00026373908622190356, 0.0002615740231703967, 0.0002623143373057246, 0.00026206503389403224, 0.00026134311337955296, 0.0002611545496620238, 0.00026117725064978004, 0.00026185138267464936, 0.0002622564206831157], "val_price_mae": [0.011545898392796516, 0.012494614347815514, 0.012477217242121696, 0.011586563661694527, 0.011520052328705788, 0.012202376499772072, 0.011580988764762878, 0.011703390628099442, 0.01169532909989357, 0.011616656556725502, 0.011623280122876167, 0.011556758545339108, 0.011713165789842606, 0.01164640299975872, 0.011554372496902943, 0.011565309949219227, 0.011580748483538628, 0.011524451896548271, 0.011528434231877327, 0.011533338576555252, 0.011552209965884686, 0.011591489426791668], "learning_rate": [0.0010000000474974513, 0.0010000000474974513, 0.0010000000474974513, 0.0010000000474974513, 0.0010000000474974513, 0.0010000000474974513, 0.0010000000474974513, 0.0005000000237487257, 0.0005000000237487257, 0.0005000000237487257, 0.0005000000237487257, 0.0005000000237487257, 0.0005000000237487257, 0.0002500000118743628, 0.0002500000118743628, 0.0002500000118743628, 0.0001250000059371814, 0.0001250000059371814, 0.0001250000059371814, 6.25000029685907e-05, 6.25000029685907e-05, 6.25000029685907e-05]}