{"direction_binary_accuracy": [0.6388434767723083, 0.6389967799186707, 0.6389967799186707, 0.6389967799186707, 0.6389967799186707, 0.6389967799186707, 0.6389967799186707, 0.6389967799186707], "direction_loss": [0.8424505591392517, 0.8388980031013489, 0.8388393521308899, 0.8387964367866516, 0.8389947414398193, 0.8389050960540771, 0.8390269875526428, 0.8389654755592346], "loss": [0.4228377342224121, 0.4198276400566101, 0.4198046326637268, 0.4197738468647003, 0.41987764835357666, 0.4198359251022339, 0.4198914170265198, 0.4198564887046814], "price_loss": [0.0016135161276906729, 0.000377008254872635, 0.00037789958878420293, 0.00037782746949233115, 0.00037716104998253286, 0.0003843329905066639, 0.0003772300551645458, 0.00037682458059862256], "price_mae": [0.019286617636680603, 0.013226088136434555, 0.013256357051432133, 0.013249638490378857, 0.013232432305812836, 0.013304676860570908, 0.013234753161668777, 0.013215674087405205], "val_direction_binary_accuracy": [0.6388027667999268, 0.6388027667999268, 0.6388027667999268, 0.6388027667999268, 0.6388027667999268, 0.6388027667999268, 0.6388027667999268, 0.6388027667999268], "val_direction_loss": [0.8428093194961548, 0.8428263664245605, 0.8428922295570374, 0.8428427577018738, 0.842951238155365, 0.8428440690040588, 0.8428236246109009, 0.8428735733032227], "val_loss": [0.42099329829216003, 0.420998752117157, 0.4210188090801239, 0.4210010766983032, 0.42104315757751465, 0.42100098729133606, 0.4209955334663391, 0.4210120141506195], "val_price_loss": [0.0003610228013712913, 0.000363360857591033, 0.00036038420512340963, 0.0003607969847507775, 0.00036250578705221415, 0.0003603867080528289, 0.0003604173252824694, 0.00036110702785663307], "val_price_mae": [0.013011716306209564, 0.013106894679367542, 0.012973280623555183, 0.013000785373151302, 0.01300550252199173, 0.01297063659876585, 0.012977750040590763, 0.012974357232451439], "learning_rate": [0.0010000000474974513, 0.0010000000474974513, 0.0010000000474974513, 0.0010000000474974513, 0.0005000000237487257, 0.0005000000237487257, 0.0005000000237487257, 0.0002500000118743628]}