{
    "direction_binary_accuracy": [0.6158108115196228, 0.6165546774864197, 0.6165546774864197, 0.6165546774864197, 0.6165546774864197, 0.6165546774864197, 0.6165546774864197, 0.6165546774864197, 0.6165546774864197, 0.6165546774864197, 0.6165546774864197],

    "direction_loss": [0.6700595617294312, 0.6657735705375671, 0.6657419204711914, 0.6657107472419739, 0.6657452583312988, 0.6657462120056152, 0.6657200455665588, 0.665742039680481, 0.6657401323318481, 0.6657118797302246, 0.6657370328903198],
    
    "loss": [0.34309300780296326, 0.3331965208053589, 0.33319446444511414, 0.3331923484802246, 0.3331831097602844, 0.3331861197948456, 0.33318445086479187, 0.33318111300468445, 0.33318042755126953, 0.33317938446998596, 0.33317840099334717],

    "price_loss": [0.008059469982981682, 0.0003121115732938051, 0.0003123311325907707, 0.00031244929414242506, 0.00031229539308696985, 0.0003151618002448231, 0.0003127699310425669, 0.00031228672014549375, 0.0003123865753877908, 0.0003124084323644638, 0.0003121470508631319],

    "price_mae": [0.029721463099122047, 0.012161556631326675, 0.012169058434665203, 0.012176480144262314, 0.012170504778623581, 0.012209339998662472, 0.01218206062912941, 0.012170065194368362, 0.012173625640571117, 0.012167003005743027, 0.012163989245891571],
    
    "val_direction_binary_accuracy": [0.6122815608978271, 0.6122815608978271, 0.6122815608978271, 0.6122815608978271, 0.6122815608978271, 0.6122815608978271, 0.6122815608978271, 0.6122815608978271, 0.6122815608978271, 0.6122815608978271, 0.6122815608978271],
    
    "val_direction_loss": [0.6687256693840027, 0.668832004070282, 0.6688003540039062, 0.6687684059143066, 0.6687926650047302, 0.6688621044158936, 0.6688620448112488, 0.6688011884689331, 0.6687994599342346, 0.6688055396080017, 0.6688005328178406],
    
    "val_loss": [0.3341467082500458, 0.3341508209705353, 0.33414044976234436, 0.3341295123100281, 0.3341374695301056, 0.33416232466697693, 0.33416318893432617, 0.3341405987739563, 0.33413979411125183, 0.3341418206691742, 0.3341398537158966],
    
    "val_price_loss": [0.00026131540653295815, 0.00026138187968172133, 0.0002617901482153684, 0.00026131284539587796, 0.0002615010889712721, 0.00026180819259025156, 0.0002629022055771202, 0.000261786044575274, 0.00026182501460425556, 0.00026142605929635465, 0.00026131788035854697],
    
    "val_price_mae": [0.011514540761709213, 0.011523870751261711, 0.011520962230861187, 0.011514640413224697, 0.011530903168022633, 0.011521339416503906, 0.011550413444638252, 0.011520874686539173, 0.011546780355274677, 0.011526692658662796, 0.011514458805322647],
    
    "learning_rate": [0.0010000000474974513, 0.0010000000474974513, 0.0010000000474974513, 0.0010000000474974513, 0.0005000000237487257, 0.0005000000237487257, 0.0005000000237487257, 0.0002500000118743628, 0.0002500000118743628, 0.0002500000118743628, 0.0001250000059371814]
}